date,sealv,precip,waterlv
2008-09-28,479.33,0.9,62.59
2008-09-29,493,5.7,61.62
2008-09-30,492,2.4,61.48
2008-10-01,493.5,9.6,61.23
2008-10-02,497.83,0,61.33
2008-10-03,506.17,0.2,63.72
2008-10-04,506.5,0,65.63
2008-10-05,483.67,0.5,66.91
2008-10-06,504.67,0,67.23
2008-10-07,513.67,0,67.23
2008-10-08,511.83,0,67.47
2008-10-09,508.67,0.4,66.82
2008-10-10,510,0,66.12
2008-10-11,497.5,0,66.33
2008-10-12,512.83,3.2,66.28
2008-10-13,509.83,0.1,66.53
2008-10-14,516.5,0,66.68
2008-10-15,517.17,1.8,66.88
2008-10-16,514.83,3.5,67.31
2008-10-17,539.5,5.8,67.56
2008-10-18,529.67,0.4,68.15
2008-10-19,524,1.5,70.08
2008-10-20,525.33,0,71.7
2008-10-21,511.67,4.7,73.06
2008-10-22,523.83,3.4,73.48
2008-10-23,529,0.8,73.71
2008-10-24,505.5,0,74.08
2008-10-25,524.5,0,74.17
2008-10-26,501.67,3.6,74.28
2008-10-27,534.5,2.5,74.38
2008-10-28,530.83,0,74.7
2008-10-29,543.17,1.1,75.34
2008-10-30,556.17,9.2,76.18
2008-10-31,536.33,0.9,76.88
2008-11-01,545.83,0,78.75
2008-11-02,532.67,0,80.22
2008-11-03,525.83,0,81.29
2008-11-04,526.67,0,81.38
2008-11-05,523.17,0.1,80.59
2008-11-06,526.17,0,80.48
2008-11-07,510.83,0,79.93
2008-11-08,508.17,0,78.78
2008-11-09,501.67,0.4,77.45
2008-11-10,485.5,0.5,76.42
2008-11-11,489.67,0.5,75.08
2008-11-12,496.17,0,73.98
2008-11-13,507.83,0.7,73.08
2008-11-14,499.83,2.4,72.86
2008-11-15,504.67,0.2,73.02
2008-11-16,517.17,5,73.87
2008-11-17,549.33,0,76.28
2008-11-18,500.67,6.6,80.92
2008-11-19,535.33,8.2,82.76
2008-11-20,537.83,11.6,84.26
2008-11-21,550.17,5.7,86.81
2008-11-22,559,19.8,89.31
2008-11-23,574.83,3.6,91.86
2008-11-24,559.33,15.9,96.89
2008-11-25,559,5.6,100.79
2008-11-26,533.5,1.1,103.02
2008-11-27,531.17,0,104.05
2008-11-28,521.17,0,104.85
2008-11-29,538.17,0,105.02
2008-11-30,530.5,0,104.08
2008-12-01,532.83,0.3,103.11
2008-12-02,541.33,1.3,101.9
2008-12-03,519.67,1.3,101.04
2008-12-04,523,0,100.4
2008-12-05,533.83,0.4,99.83
2008-12-06,533.5,11.7,98.33
2008-12-07,533.17,2.1,97.06
2008-12-08,520.67,0.7,96.58
2008-12-09,520,0.1,96.18
2008-12-10,528.17,0.8,95.31
2008-12-11,526.83,8,94.3
2008-12-12,522.67,1.1,93.55
2008-12-13,514,0,92.95
2008-12-14,510.5,0,92.47
2008-12-15,507.17,1.8,91.63
2008-12-16,503.83,0,90.74
2008-12-17,499,0,89.96
2008-12-18,495.67,0,88.58
2008-12-19,494.67,0.8,87.54
2008-12-20,506.83,2.2,86.33
2008-12-21,523,3.3,85.63
2008-12-22,512.83,0,87.26
2008-12-23,558,0,89.21
2008-12-24,524,0.3,95.12
2008-12-25,522.5,0.3,97.95
2008-12-26,509.33,0,98.25
2008-12-27,508.83,0.3,97.42
2008-12-28,512,0.1,95.52
2008-12-29,502.83,0,93.52
2008-12-30,494.83,0,91.94
2008-12-31,490.67,0,90.47
2009-01-01,510.17,0.3,88.63
2009-01-02,504.5,0,86.81
2009-01-03,508.33,9.5,86.19
2009-01-04,510,0,85.9
2009-01-05,503.5,0,85.54
2009-01-06,478.5,0,84.89
2009-01-07,511.33,1,84.31
2009-01-08,501.67,0.3,83.47
2009-01-09,501.17,0.4,83.48
2009-01-10,507,0.1,83.16
2009-01-11,482.83,0,82.88
2009-01-12,473.33,0,82.34
2009-01-13,491.33,0,81.9
2009-01-14,512,0.3,81.21
2009-01-15,527.83,0.2,80.73
2009-01-16,523.5,0,80.59
2009-01-17,504,0,81.58
2009-01-18,493.67,2.6,81.55
2009-01-19,500.33,1.2,80.5
2009-01-20,499,1.2,79.52
2009-01-21,502.83,3.7,78.74
2009-01-22,503.33,0,78
2009-01-23,490,0,77.85
2009-01-24,509.17,0.3,77.23
2009-01-25,505,0,76.66
2009-01-26,504.83,0,76.6
2009-01-27,504.33,0,76.35
2009-01-28,500.17,0,75.87
2009-01-29,500.17,0.1,75.29
2009-01-30,505.67,3.2,74.76
2009-01-31,504.67,0.1,74.68
2009-02-01,491.33,0,74.97
2009-02-02,483,0,74.59
2009-02-03,480.33,0,74.12
2009-02-04,479.67,0,73.43
2009-02-05,480,0,72.24
2009-02-06,481,0.4,71.23
2009-02-07,490,0.1,70.28
2009-02-08,487.83,0.1,69.18
2009-02-09,483.5,0,68.35
2009-02-10,482.83,4.8,68.18
2009-02-11,508.5,1.5,67.46
2009-02-12,511.33,0.1,67.08
2009-02-13,508.83,4.2,68.04
2009-02-14,506.17,0,69.36
2009-02-15,498,0,70.48
2009-02-16,499.17,1.9,70.87
2009-02-17,505.17,2.3,71.75
2009-02-18,500.83,3,73.89
2009-02-19,496.17,0.1,74.33
2009-02-20,493.83,0.5,73.98
2009-02-21,487.83,0.3,72.66
2009-02-22,469,8.4,71.65
2009-02-23,503.83,1.5,70.18
2009-02-24,497.33,0.1,69.58
2009-02-25,489.5,1.8,69.98
2009-02-26,495.17,6.9,70.69
2009-02-27,512,0.5,71.57
2009-02-28,509.67,0,73.06
2009-03-01,504.67,0,74.93
2009-03-02,493.33,0.1,75.73
2009-03-03,491.67,0,75.56
2009-03-04,495.83,0.1,75.07
2009-03-05,500.5,0,74.45
2009-03-06,503.67,0.1,74.18
2009-03-07,500.33,0,74.08
2009-03-08,490.67,3.3,73.91
2009-03-09,491.5,0,73.04
2009-03-10,497,2.7,71.9
2009-03-11,502.33,3.3,70.88
2009-03-12,500.67,0,70.85
2009-03-13,491.5,0,71.32
2009-03-14,488.5,0.8,70.46
2009-03-15,498,0.7,69.53
2009-03-16,489.83,6,68.85
2009-03-17,499.17,0.6,68.56
2009-03-18,515.17,0,68.82
2009-03-19,513.83,0,70.93
2009-03-20,493.5,0,72.81
2009-03-21,493.5,0,74.42
2009-03-22,503.17,2.7,75.05
2009-03-23,507.83,1.1,75.5
2009-03-24,537.5,1.9,76.18
2009-03-25,515.17,0,78.5
2009-03-26,501.67,0.1,82.66
2009-03-27,499,5.6,85.02
2009-03-28,497.17,9.2,85.33
2009-03-29,504.67,0.1,84.78
2009-03-30,493,0,84.13
2009-03-31,481.83,0,83.61
2009-04-01,498,0,82.91
2009-04-02,494.33,0,81.97
2009-04-03,494.33,0,81.38
2009-04-04,498.67,0,80.51
2009-04-05,496,0,79.41
2009-04-06,492.17,0,78.68
2009-04-07,497.5,0,77.99
2009-04-08,500,3.9,77.08
2009-04-09,491.67,1.1,76.09
2009-04-10,489.67,0,75.46
2009-04-11,489.33,0,74.72
2009-04-12,490.17,0,73.94
2009-04-13,486.17,0,73.1
2009-04-14,490.83,0,72.29
2009-04-15,492,0,71.26
2009-04-16,487.33,0,70.68
2009-04-17,481.5,0,69.99
2009-04-18,488.67,0,69.15
2009-04-19,475.67,0,68.5
2009-04-20,478.17,0,67.95
2009-04-21,476.83,0,67.43
2009-04-22,477.17,0,66.8
2009-04-23,480.67,0,65.88
2009-04-24,474.83,0,65.18
2009-04-25,472.67,0,64.32
2009-04-26,471.5,0,63.54
2009-04-27,474.33,0,62.93
2009-04-28,477,0,61.97
2009-04-29,483.33,0,61.13
2009-04-30,489.83,0,60.47
2009-05-01,479,0,60.08
2009-05-02,472,0,59.68
2009-05-03,471.33,0,59.24
2009-05-04,477.5,0,58.28
2009-05-05,475.17,2.1,57.73
2009-05-06,487.67,6.7,57
2009-05-07,490,0,57.07
2009-05-08,489.17,12.9,57.91
2009-05-09,487.17,0.6,57.74
2009-05-10,496.83,13,57.68
2009-05-11,502.67,0,57.64
2009-05-12,506.67,0,57.93
2009-05-13,503.17,0,58.42
2009-05-14,503.83,0,59.08
2009-05-15,498.67,0,59.62
2009-05-16,497.83,3,59.58
2009-05-17,491.17,0,58.98
2009-05-18,490.33,0.9,58.1
2009-05-19,486.67,0.2,57.23
2009-05-20,486,0.5,56.34
2009-05-21,485.67,9,56.08
2009-05-22,492.67,0,55.21
2009-05-23,495.67,0,54.73
2009-05-24,494.67,0,54.91
2009-05-25,496.17,0,55.04
2009-05-26,494.33,2.3,54.83
2009-05-27,492.33,2.7,54.08
2009-05-28,499.5,5.8,54.41
2009-05-29,522,0,55.03
2009-05-30,513.5,0.1,56.58
2009-05-31,507.83,0,58.25
2009-06-01,502.83,0.1,59.27
2009-06-02,503.33,2.8,58.94
2009-06-03,515.33,3.1,58.38
2009-06-04,510.33,4.7,59.41
2009-06-05,518.33,4.3,60.79
2009-06-06,511.5,0.2,62
2009-06-07,510,0.1,62.49
2009-06-08,504.67,5.4,62.21
2009-06-09,501.67,0.7,61.65
2009-06-10,502.83,2.2,60.45
2009-06-11,497.17,12.3,59.35
2009-06-12,512.17,8.8,58.28
2009-06-13,521,1.1,60.68
2009-06-14,514.83,0,64.43
2009-06-15,511.5,0,67.53
2009-06-16,519.67,0,69.56
2009-06-17,520.17,0,70.45
2009-06-18,509.33,0,71.13
2009-06-19,512.83,0.2,70.53
2009-06-20,514.17,1.6,69.63
2009-06-21,518.17,0,68.91
2009-06-22,518,0.1,68.24
2009-06-23,517.67,0,67.46
2009-06-24,519,0.1,67.68
2009-06-25,517.33,5.1,69.19
2009-06-26,510,0,70.29
2009-06-27,506.67,0,69.96
2009-06-28,501.67,0,68.91
2009-06-29,501.67,0,67.47
2009-06-30,501.67,0.1,65.88
2009-07-01,497.83,0,64.47
2009-07-02,495.67,0,63.19
2009-07-03,493,0,61.96
2009-07-04,496.83,2.4,60.83
2009-07-05,507,0.1,59.86
2009-07-06,501.67,1.8,59.3
2009-07-07,500,16.4,58.96
2009-07-08,506.5,27.1,58.57
2009-07-09,510.17,0,59.57
2009-07-10,506.17,1.2,62.56
2009-07-11,518.83,1.6,64.6
2009-07-12,514.17,2.8,65.82
2009-07-13,514.5,0.1,66.18
2009-07-14,513.5,0.6,66.35
2009-07-15,511.33,16.2,66.31
2009-07-16,507.17,0,66.68
2009-07-17,502.5,0,68.73
2009-07-18,515,14,69.31
2009-07-19,508.33,8.3,69.57
2009-07-20,505,14.7,70.54
2009-07-21,500.17,0.2,71.81
2009-07-22,511.83,11.8,73.93
2009-07-23,513.17,0,75.99
2009-07-24,514.17,0,77.75
2009-07-25,515.33,3,79.26
2009-07-26,521.33,0,80.14
2009-07-27,517,0,80.92
2009-07-28,518.5,0.5,81.01
2009-07-29,514.5,0,80.62
2009-07-30,515,4.8,79.93
2009-07-31,510.33,1.7,78.63
2009-08-01,512.33,0,78.43
2009-08-02,516.67,0,77.74
2009-08-03,520.67,0,76.51
2009-08-04,519.33,0,75.59
2009-08-05,515.33,0,75.1
2009-08-06,510.83,0,74.28
2009-08-07,507.5,0,73.41
2009-08-08,504.33,0,72.53
2009-08-09,499.83,0,71.38
2009-08-10,495.67,0,70.46
2009-08-11,498.5,6.1,69.53
2009-08-12,502.33,5.3,68.73
2009-08-13,517.33,25.4,71.6
2009-08-14,519,9.9,77.08
2009-08-15,511.17,0,80.17
2009-08-16,499.83,0,81.5
2009-08-17,507.33,12.9,81.3
2009-08-18,519.67,0,81.42
2009-08-19,526,0,82.41
2009-08-20,513.17,0,83.48
2009-08-21,508.5,8,83.88
2009-08-22,513.33,0,83.52
2009-08-23,510.67,0,83.96
2009-08-24,505.67,0,84.08
2009-08-25,504.5,0.1,83.7
2009-08-26,505.33,0,82.4
2009-08-27,502.83,0,81.78
2009-08-28,505.5,3.9,80.82
2009-08-29,504.5,2.6,79.53
2009-08-30,508.67,9.3,79.09
2009-08-31,505,0,80.69
2009-09-01,504,0.1,81.84
2009-09-02,506,0.1,81.15
2009-09-03,513.5,10.4,80.64
2009-09-04,499.17,2.5,79.74
2009-09-05,513,23.7,79.57
2009-09-06,521.33,0,80.9
2009-09-07,518,0.1,84.29
2009-09-08,510.17,0,85.61
2009-09-09,503.83,0,86.14
2009-09-10,525.17,1.2,85.49
2009-09-11,523.33,0.1,85
2009-09-12,516.67,5.2,85.38
2009-09-13,525.83,2.4,85.14
2009-09-14,528.67,0,85.08
2009-09-15,519.17,0,85.67
2009-09-16,507.5,0,85.48
2009-09-17,514.67,0,84.2
2009-09-18,507.5,0,82.81
2009-09-19,500.83,0,81.69
2009-09-20,500,0,80.34
2009-09-21,502.33,0,78.59
2009-09-22,493.17,0,77.27
2009-09-23,498.67,1.9,76.22
2009-09-24,511.17,2,76.21
2009-09-25,521.17,0,77.48
2009-09-26,515,0,78.87
2009-09-27,510.33,0,78.93
2009-09-28,515.17,7.2,78.43
2009-09-29,538.83,0,79.51
2009-09-30,536.17,2.8,81.71
2009-10-01,539.5,7.5,83.49
2009-10-02,543.33,6.9,84.73
2009-10-03,525.5,1.2,86.97
2009-10-04,510.67,6.8,87.54
2009-10-05,546.83,0,88.63
2009-10-06,539.5,2,90.6
2009-10-07,520.83,11.6,90.91
2009-10-08,541,1.8,89.69
2009-10-09,548.67,0,89.9
2009-10-10,539,1.8,92.01
2009-10-11,544.33,3.5,92.53
2009-10-12,557,7.3,91.81
2009-10-13,556.83,10.4,93.72
2009-10-14,585.5,10.6,97.88
2009-10-15,566.17,3.2,106.6
2009-10-16,526.33,0,112.78
2009-10-17,542.33,9.4,111.78
2009-10-18,533.5,1.5,109.32
2009-10-19,512.67,0,106.84
2009-10-20,516.67,0,104.2
2009-10-21,520.83,0,101.68
2009-10-22,518,0,99.1
2009-10-23,515.83,0,96.76
2009-10-24,513,8.9,94.36
2009-10-25,502.5,0.7,92.26
2009-10-26,497,1.1,90.24
2009-10-27,508.67,0.4,88.41
2009-10-28,511.67,0,86.75
2009-10-29,512.67,0.7,85.15
2009-10-30,501.67,0.2,83.66
2009-10-31,496.17,0,82.79
2009-11-01,484,0,81.7
2009-11-02,469.67,0,80.69
2009-11-03,468,0,79.4
2009-11-04,468.33,1.7,78.24
2009-11-05,484.33,0,76.51
2009-11-06,480.67,0,74.88
2009-11-07,480.5,0,73.83
2009-11-08,484.83,0.2,72.68
2009-11-09,490.17,4.4,71.71
2009-11-10,489.17,0.1,70.8
2009-11-11,494.5,1.5,70.29
2009-11-12,490.83,1,69.91
2009-11-13,479.33,0.6,69.59
2009-11-14,471.33,4.9,69.15
2009-11-15,469.17,3.4,68.58
2009-11-16,477.67,1.5,68.07
2009-11-17,479.33,0,67.38
2009-11-18,476,4.5,67.02
2009-11-19,480.83,0.2,66.41
2009-11-20,482.83,0,66.89
2009-11-21,485.33,0,66.59
2009-11-22,493.5,0.1,66.52
2009-11-23,487.33,8.5,66.46
2009-11-24,500.17,5.9,66.18
2009-11-25,506.5,0.1,67.44
2009-11-26,500.5,0,69.24
2009-11-27,501.33,5.1,70.28
2009-11-28,509.33,2.7,71.84
2009-11-29,518,0.6,74.09
2009-11-30,517.17,0,75.08
2009-12-01,525.67,10.1,75.44
2009-12-02,532.83,4.5,75.78
2009-12-03,519.83,0,76.98
2009-12-04,518.67,0,78.44
2009-12-05,513.33,0,79.15
2009-12-06,505.33,0.2,79.43
2009-12-07,506.5,2.3,79.33
2009-12-08,510.67,0,79.21
2009-12-09,508.33,0.3,78.88
2009-12-10,503.5,0,78.63
2009-12-11,510.17,0.2,77.98
2009-12-12,511.33,0,77.58
2009-12-13,512.17,9.7,78.03
2009-12-14,515.17,4,78.53
2009-12-15,498,0,79.35
2009-12-16,500.67,1,79.72
2009-12-17,520.83,0.5,79.66
2009-12-18,504.67,0.2,80.06
2009-12-19,492.5,0,80.55
2009-12-20,489.83,0,80.23
2009-12-21,492.5,0,78.87
2009-12-22,486.5,2.1,77.65
2009-12-23,486.83,0,75.28
2009-12-24,490,0,73.78
2009-12-25,505.83,1.9,73.33
2009-12-26,506.5,7.4,72.83
2009-12-27,500.33,0.2,74.66
2009-12-28,497.17,0.9,76.77
2009-12-29,507.33,0,78.33
2009-12-30,505.17,0,80.97
2009-12-31,505.83,0,81.64
2010-01-01,507.17,2,81.87
2010-01-02,517.33,2,81.73
2010-01-03,499.17,1.1,82.18
2010-01-04,486.33,0.1,82.52
2010-01-05,502,0,82.12
2010-01-06,497.5,0,81.54
2010-01-07,504.33,0.9,80.36
2010-01-08,504,0,79.24
2010-01-09,491.33,0,79.43
2010-01-10,497,0.7,79.29
2010-01-11,500.17,1.8,79.2
2010-01-12,481.17,0,79.13
2010-01-13,475.83,0,78.23
2010-01-14,471.5,0,76.62
2010-01-15,470.5,0,74.85
2010-01-16,465.17,0,73.35
2010-01-17,452.33,1.6,72.04
2010-01-18,465,0.1,70.62
2010-01-19,471.5,0.1,69.33
2010-01-20,473.83,0.5,68.16
2010-01-21,472.33,0,67.19
2010-01-22,468.17,0,66.11
2010-01-23,464.17,0,65.29
2010-01-24,455.83,0,64.41
2010-01-25,454.5,0,63.48
2010-01-26,462.33,2.4,62.41
2010-01-27,452,5,61.82
2010-01-28,466.5,2,60.88
2010-01-29,484,1.1,60.02
2010-01-30,498.17,3.2,59.72
2010-01-31,478.67,0,59.12
2010-02-01,481.33,2.1,59.13
2010-02-02,480.67,2.2,58.64
2010-02-03,478.83,1.1,58.33
2010-02-04,486.83,0,57.63
2010-02-05,483.5,0,57.41
2010-02-06,477.17,0,57
2010-02-07,479.33,0,56.44
2010-02-08,475,0,55.91
2010-02-09,481.5,0.6,55.36
2010-02-10,487.33,0,54.78
2010-02-11,484.33,2.9,54.52
2010-02-12,501.33,5.1,54.25
2010-02-13,490.67,0,54.18
2010-02-14,486.5,0.2,54.18
2010-02-15,483.67,0.5,53.96
2010-02-16,481,0.3,53.78
2010-02-17,479,0,53.52
2010-02-18,483.17,0.8,53.14
2010-02-19,481.17,0.6,52.58
2010-02-20,490,1,52.08
2010-02-21,482.67,0,51.98
2010-02-22,479,2.4,52.22
2010-02-23,489.83,0.7,51.73
2010-02-24,481.83,0,52.09
2010-02-25,482.67,0,52.72
2010-02-26,480.67,4.4,53.13
2010-02-27,480.33,0.4,54.88
2010-02-28,479.33,0.4,60.25
2010-03-01,494.17,2.7,63.87
2010-03-02,494.33,0.8,67.23
2010-03-03,496.67,0.1,70.08
2010-03-04,505.83,0.3,72.17
2010-03-05,509.5,2.5,73.56
2010-03-06,498.67,0.4,74.48
2010-03-07,499,0.2,75.29
2010-03-08,484.5,0,75.94
2010-03-09,491.33,0.1,75.82
2010-03-10,480.67,0,75.65
2010-03-11,483.33,0,75.24
2010-03-12,494.83,4.6,74.53
2010-03-13,496.83,0,73.91
2010-03-14,508,0.3,74
2010-03-15,505.17,0,74.4
2010-03-16,509,0,74.63
2010-03-17,505.5,0.5,75.28
2010-03-18,500.5,0,75.73
2010-03-19,494.17,0.1,75.88
2010-03-20,496.17,5,76.35
2010-03-21,509.17,5.7,77.13
2010-03-22,513.83,0,77.92
2010-03-23,504.17,0.6,78.73
2010-03-24,510,0,79.29
2010-03-25,509.83,0,79.88
2010-03-26,506,0,80.33
2010-03-27,513.5,14.5,80.74
2010-03-28,503.17,1.5,80.89
2010-03-29,501.83,0,81.54
2010-03-30,505.67,0,82.2
2010-03-31,511.83,8.9,82.16
2010-04-01,502.17,0,82.28
2010-04-02,495,0,82.15
2010-04-03,495.83,0,81.55
2010-04-04,495.67,1,80.99
2010-04-05,497.33,0.7,80.18
2010-04-06,491.67,0,79.57
2010-04-07,488.17,0,79.26
2010-04-08,487.17,0.6,78.44
2010-04-09,489.83,0,77.36
2010-04-10,500,0.7,76.76
2010-04-11,507.33,0,76.64
2010-04-12,495,0,77.92
2010-04-13,487,0,78.98
2010-04-14,489.83,0,78.51
2010-04-15,482.17,0,77.55
2010-04-16,485.67,0,76.48
2010-04-17,483,0,75.2
2010-04-18,483.83,0,74.59
2010-04-19,497.83,0,73.85
2010-04-20,499,1,73.54
2010-04-21,504.67,0.1,73.15
2010-04-22,509,0,72.76
2010-04-23,504.5,5.1,73.1
2010-04-24,507.5,0,72.93
2010-04-25,504.17,0,72.68
2010-04-26,503.67,0,72.26
2010-04-27,503.5,0,71.5
2010-04-28,504,0,71.05
2010-04-29,494.33,0,70.79
2010-04-30,503.67,0,70.24
2010-05-01,497.83,0,69.68
2010-05-02,508.17,0,69.09
2010-05-03,512.5,23.8,69.1
2010-05-04,507.33,1.5,69.92
2010-05-05,510.33,0,72.08
2010-05-06,507,6.9,73.13
2010-05-07,522.5,22.4,73.69
2010-05-08,512.5,0,77.94
2010-05-09,498.83,0,83.41
2010-05-10,500.67,2.2,86
2010-05-11,500.5,0,87.38
2010-05-12,504.33,19.2,87.99
2010-05-13,503.33,1.2,87.68
2010-05-14,505.5,8.6,88.48
2010-05-15,512.17,6,88.97
2010-05-16,510.67,0,89.36
2010-05-17,511.17,0,90
2010-05-18,514.33,1.8,90.74
2010-05-19,518.67,0,91.25
2010-05-20,510,0,91.68
2010-05-21,507.67,0,91.85
2010-05-22,506.33,0,91.66
2010-05-23,500.17,0,90.97
2010-05-24,506.33,0.1,90.18
2010-05-25,511.17,0,89.57
2010-05-26,515,0,90
2010-05-27,513.33,2.8,90.45
2010-05-28,509.83,0,89.97
2010-05-29,505.67,0,88.44
2010-05-30,509.33,6.8,87.81
2010-05-31,526.5,19.5,86.99
2010-06-01,525.17,0.3,88.75
2010-06-02,517.33,0,91.45
2010-06-03,509.5,0,92.54
2010-06-04,511.67,0,92.71
2010-06-05,505.5,0,92.37
2010-06-06,502.83,0,91.96
2010-06-07,512.67,8.1,91.08
2010-06-08,510.17,0,90.14
2010-06-09,509.33,0.2,90.22
2010-06-10,510,13.5,90.29
2010-06-11,504.67,16,90.09
2010-06-12,490.67,0,89.55
2010-06-13,506.5,0,88.58
2010-06-14,510.83,0,88.54
2010-06-15,515.83,0,87.66
2010-06-16,514,0,86.88
2010-06-17,507.5,0,86.16
2010-06-18,505.33,0,85.89
2010-06-19,515.83,0.3,84.83
2010-06-20,516,0,83.97
2010-06-21,519.17,0,83.25
2010-06-22,514.17,0,82.63
2010-06-23,513,0,82.24
2010-06-24,513.17,0,82.2
2010-06-25,510.5,0,81.6
2010-06-26,511.17,0,80.93
2010-06-27,513.83,0,80.38
2010-06-28,509.33,0,80.04
2010-06-29,507.5,0,79.47
2010-06-30,506.67,0,78.65
2010-07-01,506.5,0,77.89
2010-07-02,508.17,0,77.15
2010-07-03,504.5,0,76.68
2010-07-04,502.67,0,76.1
2010-07-05,501.83,4.5,75.3
2010-07-06,509.17,18.3,74.48
2010-07-07,512.17,0,74.52
2010-07-08,509.83,0,75.92
2010-07-09,507.33,0,76.04
2010-07-10,508.5,0,74.76
2010-07-11,509.33,0,73.76
2010-07-12,507.5,0,73.48
2010-07-13,512,1,73.5
2010-07-14,507,0,72.91
2010-07-15,506.83,0,72.3
2010-07-16,504.17,0,71.76
2010-07-17,506.67,2.4,71.22
2010-07-18,508,0,70.38
2010-07-19,502.5,0,70.6
2010-07-20,499,0,70.36
2010-07-21,498.83,0,69.26
2010-07-22,498.5,5.9,68.17
2010-07-23,510.33,4.8,67.62
2010-07-24,538,47,68.64
2010-07-25,527.67,1.8,78.19
2010-07-26,516.17,0,86.87
2010-07-27,511.5,0,90.93
2010-07-28,513.5,38.2,91.96
2010-07-29,519.5,3.3,91.72
2010-07-30,512.17,0,92.25
2010-07-31,505.33,0,92.14
2010-08-01,510,0,91.69
2010-08-02,513.67,7.2,90.81
2010-08-03,519,19.5,89.89
2010-08-04,515.17,0,90.86
2010-08-05,515.17,0,92.93
2010-08-06,516.33,3.5,93.36
2010-08-07,521,0,93.37
2010-08-08,517.5,1.3,93.87
2010-08-09,511.83,0,94.37
2010-08-10,511.83,0,94.26
2010-08-11,512.33,0.8,93.15
2010-08-12,514.33,0,91.37
2010-08-13,516.33,0,88.95
2010-08-14,514.33,0.9,87.45
2010-08-15,511.83,0.5,86.28
2010-08-16,521.83,8,85.31
2010-08-17,515.33,0,85.38
2010-08-18,512,15.9,84.78
2010-08-19,514.5,0.5,83.93
2010-08-20,512.17,0,85.5
2010-08-21,502.17,0,86.98
2010-08-22,504.17,3.6,86.58
2010-08-23,509,0.2,87.39
2010-08-24,508.67,5.2,88.47
2010-08-25,512.17,13.1,89.84
2010-08-26,526.33,0,93.17
2010-08-27,531.67,14.5,95.92
2010-08-28,533.5,6.2,97.08
2010-08-29,528.67,5.3,97.81
2010-08-30,528.5,3.1,98.15
2010-08-31,528.17,0,98.18
2010-09-01,524.67,0,98.38
2010-09-02,536.33,1,98.28
2010-09-03,535.67,2.8,99.33
2010-09-04,526.33,1.4,101.03
2010-09-05,514.33,1.5,102.31
2010-09-06,512.83,0.3,102.07
2010-09-07,510,0,100.72
2010-09-08,503.67,0,99.09
2010-09-09,500.5,0.2,97.12
2010-09-10,500.17,10.6,94.96
2010-09-11,492.67,0,92.73
2010-09-12,489.83,0,90.98
2010-09-13,496.33,2.7,89.18
2010-09-14,488.17,1.9,87.74
2010-09-15,493.33,12.4,86.53
2010-09-16,488.17,12.4,85.33
2010-09-17,501.67,5.2,85.51
2010-09-18,504.33,24.7,87.32
2010-09-19,517.67,11.9,92.46
2010-09-20,520.17,2.2,101.83
2010-09-21,523.5,0.4,106.68
2010-09-22,530.83,0,108.95
2010-09-23,515.5,0,110.08
2010-09-24,515.67,0,109.38
2010-09-25,524.33,0,107.26
2010-09-26,533.17,0,106.17
2010-09-27,543.17,29,107.09
2010-09-28,560.33,30.9,110.07
2010-09-29,528.33,0.6,116.36
2010-09-30,509.5,0,121.73
2010-10-01,502,0,122.46
2010-10-02,494.33,0,120.6
2010-10-03,483.33,0,118.07
2010-10-04,472.33,0,115.34
2010-10-05,468,0,112.62
2010-10-06,464.17,0,109.84
2010-10-07,464.33,0,107.38
2010-10-08,481.33,0,105.1
2010-10-09,483.83,0,103.43
2010-10-10,484.83,0,101.86
2010-10-11,491.67,0,99.7
2010-10-12,496.67,0,98.27
2010-10-13,492,0.2,97.13
2010-10-14,494.67,1.6,96.35
2010-10-15,511,0,95.44
2010-10-16,497.5,0,95.48
2010-10-17,488.17,0,94.6
2010-10-18,478,0,93.77
2010-10-19,465.33,1,92.71
2010-10-20,497.17,9.1,91.47
2010-10-21,521,17.9,90.46
2010-10-22,499,2.3,93.7
2010-10-23,498.5,0.2,96.72
2010-10-24,505.83,2.3,97.78
2010-10-25,523.83,2.3,97.01
2010-10-26,522,0,98.2
2010-10-27,508,0.6,98.94
2010-10-28,497.33,1,98.57
2010-10-29,508,0,97.53
2010-10-30,508,0,96.83
2010-10-31,513.67,0,95.18
2010-11-01,519.83,0,93.69
2010-11-02,517.83,0,92.85
2010-11-03,495.17,3.9,92.35
2010-11-04,509,12.1,91.8
2010-11-05,526.83,6.3,93.19
2010-11-06,535,4.1,96.1
2010-11-07,532,0.6,98.47
2010-11-08,536,10.9,100.75
2010-11-09,550.5,3.7,102.09
2010-11-10,524,0.9,104.51
2010-11-11,521.67,5.3,105.49
2010-11-12,513.5,3.5,106.33
2010-11-13,515,0,106.04
2010-11-14,524.83,0.3,106.56
2010-11-15,525.5,0,105.61
2010-11-16,533.67,0.5,105.7
2010-11-17,531.17,16.4,106.91
2010-11-18,539,7.8,108.27
2010-11-19,540.5,12.4,110.24
2010-11-20,527,5.4,113.72
2010-11-21,523.83,0.6,116.35
2010-11-22,521,16.1,117.87
2010-11-23,541.17,10,118.55
2010-11-24,568.17,7.1,121.05
2010-11-25,552.83,13.2,127.34
2010-11-26,533,1.4,132.94
2010-11-27,527.17,2.2,134.71
2010-11-28,515.5,0.3,133.62
2010-11-29,517.17,0.1,132.51
2010-11-30,511.17,0.1,132.09
2010-12-01,483.17,0,131.15
2010-12-02,490.17,0.6,130.23
2010-12-03,477.5,0.6,127.52
2010-12-04,486.5,0,124.78
2010-12-05,472.83,4.3,124.08
2010-12-06,492.67,12.9,121.89
2010-12-07,491.17,0,120.09
2010-12-08,499.83,5.2,119.22
2010-12-09,511.5,2.2,118.1
2010-12-10,529.83,0,117.22
2010-12-11,503.5,8.8,120.16
2010-12-12,552.5,2.5,122.13
2010-12-13,533.83,3.6,129.43
2010-12-14,548.67,5.6,134.17
2010-12-15,524.17,0,136.93
2010-12-16,476,0,138.48
2010-12-17,492.83,0,135.63
2010-12-18,511.83,3.4,132.58
2010-12-19,517.83,0.2,130.66
2010-12-20,512.17,3.8,129
2010-12-21,502.5,0,126.75
2010-12-22,502.67,0.2,125.41
2010-12-23,514.5,7,124.69
2010-12-24,536.33,0.2,123.49
2010-12-25,537.67,0.8,123.57
2010-12-26,513.83,0.2,123.44
2010-12-27,502.17,0,122.38
2010-12-28,504.17,0,120.94
2010-12-29,508,1.4,120.07
2010-12-30,503.83,2.1,118.82
2010-12-31,499.5,1.6,117.53
2011-01-01,504.17,0,117
2011-01-02,517.67,0,115.67
2011-01-03,510.5,0,114.65
2011-01-04,503.83,0.2,113.77
2011-01-05,494.67,0,112.79
2011-01-06,479.5,2.9,112.55
2011-01-07,498.17,0.8,110.92
2011-01-08,503,0.1,110.29
2011-01-09,495.67,0.6,110.46
2011-01-10,489.33,0,113.96
2011-01-11,491.67,0.4,116.88
2011-01-12,504.33,0.9,117.45
2011-01-13,512.67,1.8,117.67
2011-01-14,512.83,6.6,118.14
2011-01-15,515.67,5.4,118.28
2011-01-16,493.5,0.5,119.72
2011-01-17,496.83,0.7,122.78
2011-01-18,508.67,1.4,125.69
2011-01-19,514,0.4,127.03
2011-01-20,522.5,1.1,127.88
2011-01-21,515.83,0,128.6
2011-01-22,511.5,0.3,129.38
2011-01-23,519,0,129.6
2011-01-24,500,0.5,130.14
2011-01-25,510.5,1.9,130
2011-01-26,529.67,0.3,129.12
2011-01-27,506.83,0,129.67
2011-01-28,493.33,0,129.32
2011-01-29,483,0,129.19
2011-01-30,508.33,0,128.43
2011-01-31,491.33,0,127.29
2011-02-01,495.33,0,125.88
2011-02-02,500.83,0.8,124.63
2011-02-03,500.17,0,124.2
2011-02-04,499.83,26.7,124.63
2011-02-05,518.67,0.8,127.49
2011-02-06,522.33,10.8,131.37
2011-02-07,528.5,1.2,133.9
2011-02-08,513.67,0.2,135.39
2011-02-09,543.83,0,136.72
2011-02-10,526,3.2,138.77
2011-02-11,547,1.8,139.28
2011-02-12,552,0,140.13
2011-02-13,526.33,0,143.52
2011-02-14,522.33,0,143.24
2011-02-15,512.17,0,141.98
2011-02-16,509.33,0,139.57
2011-02-17,512.33,1.8,136.87
2011-02-18,515.83,0.1,134.53
2011-02-19,509.67,0,132.73
2011-02-20,498,0.2,131.1
2011-02-21,494.17,0,129.69
2011-02-22,492,0,128.49
2011-02-23,487.17,0,126.77
2011-02-24,478.33,0,125.48
2011-02-25,465.67,0,124.18
2011-02-26,458.33,0,123.03
2011-02-27,474.5,0,121.93
2011-02-28,478.17,0,120.2
2011-03-01,477,0,118.88
2011-03-02,473.33,0,117.94
2011-03-03,465.5,0,117.32
2011-03-04,469.5,0,116.5
2011-03-05,480,0,115.91
2011-03-06,498.5,0,114.81
2011-03-07,474.67,0,114.87
2011-03-08,471.83,0,114.83
2011-03-09,467.5,1.2,114.45
2011-03-10,471.83,0.5,113.74
2011-03-11,478.5,0,113.16
2011-03-12,488.33,0,113.43
2011-03-13,503,0,113.54
2011-03-14,502.5,0.6,113.1
2011-03-15,506.83,0,113.13
2011-03-16,496.17,0,114.43
2011-03-17,498.5,0.9,114.95
2011-03-18,491,0.8,114.2
2011-03-19,489,0,112.68
2011-03-20,488.17,0,112.15
2011-03-21,477,0,111.86
2011-03-22,481.67,0,111.2
2011-03-23,490.33,0,111.38
2011-03-24,496.17,0,112.46
2011-03-25,507,7,114.22
2011-03-26,506.17,0,114.08
2011-03-27,489.67,0,114.13
2011-03-28,501.33,0.6,113.28
2011-03-29,499.67,0,112.33
2011-03-30,510,0,111.75
2011-03-31,506.83,1.8,111.77
2011-04-01,504.33,2.7,111.18
2011-04-02,502.67,0,111.58
2011-04-03,495.33,2.1,111.68
2011-04-04,505.17,0.3,110.68
2011-04-05,498.67,0.2,110.33
2011-04-06,497.17,3.1,109.98
2011-04-07,504.83,1.5,110.74
2011-04-08,522.83,0.1,112.41
2011-04-09,533.17,0,113.79
2011-04-10,524.83,0,115.73
2011-04-11,517.67,0.1,116.78
2011-04-12,526.83,4.7,116.51
2011-04-13,534.33,1.1,115.85
2011-04-14,525.17,0,116.04
2011-04-15,516.83,0,115.13
2011-04-16,510.17,0,113.83
2011-04-17,511.5,0,112.39
2011-04-18,513,0,111.36
2011-04-19,514.83,0,110.62
2011-04-20,508.83,0,110.28
2011-04-21,508,0,109.73
2011-04-22,507.67,0,109.41
2011-04-23,507.33,0,108.81
2011-04-24,502.83,0,108.15
2011-04-25,500.83,0,107.76
2011-04-26,500.33,0,107.26
2011-04-27,503.83,0,106.63
2011-04-28,500.67,0,106.12
2011-04-29,497.17,0,105.73
2011-04-30,497.67,0,105.29
2011-05-01,499.33,0,104.93
2011-05-02,494.17,0,104.77
2011-05-03,489.67,0.1,104.56
2011-05-04,489.67,0,103.96
2011-05-05,488.67,0,103.23
2011-05-06,488.67,0,102.59
2011-05-07,487.17,0,102.02
2011-05-08,489,0,101.49
2011-05-09,483.17,0,100.97
2011-05-10,482.33,0,100.53
2011-05-11,484.17,0,100.29
2011-05-12,484.67,4.7,99.57
2011-05-13,488.67,1.3,98.89
2011-05-14,490.67,0.5,99.06
2011-05-15,490.17,0.2,98.63
2011-05-16,488.33,3.5,98.26
2011-05-17,490.5,2.4,97.97
2011-05-18,492,0,97.94
2011-05-19,494.5,1.1,97.64
2011-05-20,501,11.3,97.71
2011-05-21,499.5,0,97.15
2011-05-22,501.83,6.6,97.79
2011-05-23,496.17,0,98.06
2011-05-24,496.17,1.7,98.38
2011-05-25,495.17,0,97.89
2011-05-26,505.5,0,99.13
2011-05-27,510.67,0,99.12
2011-05-28,500.83,0.2,98.64
2011-05-29,503,1.1,98.53
2011-05-30,500,0,97.77
2011-05-31,513.17,0,97.47
2011-06-01,513,0,96.9
2011-06-02,511.83,0,97.38
2011-06-03,514,0,97.54
2011-06-04,509.5,0,97.42
2011-06-05,512.83,0,97.02
2011-06-06,511.67,0,96.58
2011-06-07,507.67,12.4,96.34
2011-06-08,507,1.4,96.36
2011-06-09,513.83,11.5,95.93
2011-06-10,514.5,0.3,96.97
2011-06-11,513,0,98.27
2011-09-16,543.19,0,129
2011-09-17,533.85,1.8,129.75
2011-09-18,535.23,5.4,128.92
2011-09-19,528.1,0.4,127.25
2011-09-20,517.36,0,126.5
2011-09-21,515.51,0,125.33
2011-09-22,516.94,0.7,123.5
2011-09-23,520.85,5,121.92
2011-09-24,530,0,122.42
2011-09-25,527.81,0,122.42
2011-09-26,524.74,0,120.42
2011-09-27,523.38,0,118.67
2011-09-28,518.6,0,117.92
2011-09-29,524.78,0,117.42
2011-09-30,516.86,0,116.75
2011-10-01,523.34,0,115.67
2011-10-02,513.75,0,114.67
2011-10-03,513.19,0.2,114.83
2011-10-04,512.99,0,114.08
2011-10-05,514.26,0.5,113.83
2011-10-06,509.16,8.1,114.67
2011-10-07,515.65,6.1,114.17
2011-10-08,543.13,13.5,115.17
2011-10-09,545.76,0.5,117.25
2011-10-10,521.83,4.2,120.08
2011-10-11,539.38,1.6,120.5
2011-10-12,550.48,0,121.25
2011-10-13,565.38,0,122
2011-10-14,550.94,0,123.75
2011-10-15,532.66,0,125.67
2011-10-16,521.89,0,124.5
2011-10-17,516.13,0,122.5
2011-10-18,510.79,1.9,120.67
2011-10-19,505.6,3.2,117.92
2011-10-20,527.49,10.6,116.5
2011-10-21,537.16,0.6,116.75
2011-10-22,519.39,0,118.08
2011-10-23,525.1,0,118.17
2011-10-24,519.63,0,117.17
2011-10-25,518.39,0,116
2011-10-26,518.86,2.2,115.58
2011-10-27,513.2,0.5,115.08
2011-10-28,509.24,0,114.92
2011-10-29,505.35,0,114.08
2011-10-30,499.74,2.7,113.92
2011-10-31,507.26,0.1,113.42
2011-11-01,508.73,0,112.92
2011-11-02,505.64,0,112.42
2011-11-03,510.71,0,111.42
2011-11-04,507.01,0,110.92
2011-11-05,507.49,0,110.33
2011-11-06,506.21,0,109.42
2011-11-07,506.2,0,108.33
2011-11-08,502.34,0,107.92
2011-11-09,502.93,0,107.08
2011-11-10,496.71,0,106
2011-11-11,489.21,0,105.58
2011-11-12,487.98,0,104.92
2011-11-13,484.28,0,104.17
2011-11-14,490.19,0,103.42
2011-11-15,500.25,0.6,102
2011-11-16,489.27,0.3,101.5
2011-11-17,485.71,0,101.33
2011-11-18,490.4,0,100.33
2011-11-19,488.74,2.9,99.5
2011-11-20,504.21,0.5,99.17
2011-11-21,497.15,0,99.33
2011-11-22,500.15,0,98.58
2011-11-23,486.69,0,98
2011-11-24,475.46,0,97.42
2011-11-25,482.41,0.2,96.92
2011-11-26,489.9,2.3,96.5
2011-11-27,483.44,0.1,97.75
2011-11-28,523.29,0,98
2011-11-29,513.34,0,102.25
2011-11-30,500.76,0,103.17
2011-12-01,504.84,0.2,103.83
2011-12-02,510.99,4.4,103.92
2011-12-03,509.39,3.3,104.75
2011-12-04,510.64,3.9,105.92
2011-12-05,529.31,8.4,106.5
2011-12-06,535.39,3.9,107.33
2011-12-07,528.81,0.9,109.08
2011-12-08,547.74,7.2,110.17
2011-12-09,508.53,0.5,111.42
2011-12-10,525.29,3.4,111.5
2011-12-11,549.06,0,112.92
2011-12-12,541.53,0.4,115.58
2011-12-13,530.68,3.3,115.42
2011-12-14,526.64,0.9,115.75
2011-12-15,531.61,0,115.08
2011-12-16,538.68,5.6,116.67
2011-12-17,579.91,0.7,115.67
2011-12-18,561.26,10.6,117.67
2011-12-19,547.59,2.3,119.92
2011-12-20,541.18,0,121.83
2011-12-21,549.01,0,122.08
2011-12-22,543.03,0,121.17
2011-12-23,529.18,1.6,120.33
2011-12-24,543.56,2.8,118.17
2011-12-25,532.25,0.5,117.33
2011-12-26,525.47,0.2,117
2011-12-27,530.61,0.2,117.42
2011-12-28,548.19,0,119.42
2011-12-29,520.66,0.1,120.17
2011-12-30,551.38,1.5,118.92
2011-12-31,556.21,0,119.17
2012-01-01,543.41,5.6,120.17
2012-01-02,540.23,1,119.58
2012-01-03,531.16,7.6,119.92
2012-01-04,508.91,2.5,119.83
2012-01-05,547.54,6.5,122.58
2012-01-06,588.76,3.6,121.83
2012-01-07,554.44,4,126.17
2012-01-08,569.05,1.8,127.75
2012-01-09,559.53,1,129.58
2012-01-10,553.95,0.2,130
2012-01-11,541.79,1.2,130.42
2012-01-12,534.53,3.6,131.33
2012-01-13,580.18,0,131.75
2012-01-14,611.44,1.4,134.83
2012-01-15,574.48,0.7,142.75
2012-01-16,549.1,2.9,146.33
2012-01-17,546.45,0.7,144.42
2012-01-18,543.2,1,142
2012-01-19,535.88,7.8,140.67
2012-01-20,557.03,4.8,138.17
2012-01-21,547.1,5.6,137.33
2012-01-22,560.13,3.4,136.25
2012-01-23,565.73,2.1,136.5
2012-01-24,550.69,5.9,138.58
2012-01-25,547.83,4.1,138.25
2012-01-26,530.81,0,136.75
2012-01-27,519,0,135.75
2012-01-28,517.36,0,134.5
2012-01-29,512.05,0,132.42
2012-01-30,506.6,0,131
2012-01-31,501.49,0,129.17
2012-02-01,501.58,0.3,127.67
2012-02-02,502,0.2,125.83
2012-02-03,508.63,2.4,124.25
2012-02-04,503.73,0.3,122.42
2012-02-05,482.56,0,121.5
2012-02-06,475.28,0.3,120.33
2012-02-07,485.31,0.1,118.17
2012-02-08,485.65,4,116.58
2012-02-09,497.04,0,114.08
2012-02-10,479.48,0,113.08
2012-02-11,471.46,0.5,112.42
2012-02-12,468.66,0.6,111.17
2012-02-13,484.46,0,109.08
2012-02-14,466.28,2.6,108.83
2012-02-15,500.49,0.2,106.92
2012-02-16,496.76,2.2,106
2012-02-17,485.9,0.8,105.67
2012-02-18,485.88,3.3,104.75
2012-02-19,477.64,1.6,104.25
2012-02-20,499.25,0.5,103.42
2012-02-21,475.95,1.4,104.33
2012-02-22,494.25,8.1,104.5
2012-02-23,494.74,2.4,106.92
2012-02-24,512.03,0,110.33
2012-02-25,522.29,0,112.75
2012-02-26,543,0,114.5
2012-02-27,519.78,1.4,117.17
2012-02-28,505.45,8.5,118.75
2012-02-29,520.69,0.3,118.42
2012-03-01,517.84,0.1,119.25
2012-03-02,525.19,0,118.83
2012-03-03,524.16,0,119.42
2012-03-04,513.74,0,120.17
2012-03-05,509.51,0,120.25
2012-03-06,505.79,0,119.42
2012-03-07,491.91,0,119.25
2012-03-08,489.66,0,117.17
2012-03-09,489.43,1.3,115.25
2012-03-10,489.94,3.1,114.67
2012-03-11,511.3,0,113.33
2012-03-12,505.25,0,113.67
2012-03-13,509.53,0,113.75
2012-03-14,520.5,0.2,113.25
2012-03-15,505.04,0,113
2012-03-16,500.69,0,113
2012-03-17,501.55,0,111.17
2012-03-18,507.73,1.8,110.17
2012-03-19,508.44,0,108.58
2012-03-20,512.39,0.3,108.58
2012-03-21,513.4,0,109.17
2012-03-22,513.25,0,110.08
2012-03-23,515.31,0,109.67
2012-03-24,509.99,0,108.92
2012-03-25,521.1,0,107.08
2012-03-26,505.6,0,107.75
2012-03-27,510.29,0,108
2012-03-28,506.19,0,108.17
2012-03-29,518.66,2,107.92
2012-03-30,522.16,3.2,108.25
2012-03-31,546.28,3.6,108.17
2012-04-01,523.56,10,111.33
2012-04-02,534.91,0.5,113.83
2012-04-03,528.48,1.2,115.08
2012-04-04,518.84,0,115.25
2012-04-05,508.43,0,115.42
2012-04-06,505.85,0.8,114.92
2012-04-07,538.78,11.3,113.67
2012-04-08,527.35,0,115.17
2012-04-09,505.35,0,118.92
2012-04-10,501.46,0,119.67
2012-04-11,506.38,0,118.58
2012-04-12,513.21,3.4,116.42
2012-04-13,516.05,0,114.83
2012-04-14,512.2,0,113
2012-04-15,515.16,0.3,111.42
2012-04-16,520.8,0,110.75
2012-04-17,509.86,0,110.42
2012-04-18,510.79,0,109.92
2012-04-19,514.76,1.1,109.17
2012-04-20,514.55,0.7,108.17
2012-04-21,504.69,2.5,107.17
2012-04-22,506.55,0,106.42
2012-04-23,502.5,1,105.75
2012-04-24,502.5,3.1,105.5
2012-04-25,507.4,1,104.42
2012-04-26,494.85,0.2,103.33
2012-04-27,490.49,0,102.25
2012-04-28,494.85,0,102.5
2012-04-29,501.15,0,101.67
2012-04-30,504.35,0,100.58
2012-05-01,494.33,0,100.25
2012-05-02,487.29,0,100
2012-05-03,489.01,2.2,99.5
2012-05-04,490.84,0,98.58
2012-05-05,486.5,5,97.17
2012-05-06,493.9,8.8,96.83
2012-05-07,494.9,0,95.17
2012-05-08,494.13,0,95
2012-05-09,490.39,0,94.17
2012-05-10,487.73,1.2,93.33
2012-05-11,486.04,5,92.67
2012-05-12,493.31,1.1,91.58
2012-05-13,506.93,0,91.67
2012-05-14,490.25,0,92.67
2012-05-15,499.83,0,92.58
2012-05-16,507.5,0,90.58
2012-05-17,504.36,0,90.42
2012-05-18,503.23,0,90.67
2012-05-19,508.61,0,90.92
2012-05-20,507.54,0,90.42
2012-05-21,512.13,0,89.83
2012-05-22,513.84,0,89.92
2012-05-23,511.04,0,89.42
2012-05-24,502,0,90.42
2012-05-25,497.54,0,90.33
2012-05-26,496.44,0,89.5
2012-05-27,494.6,0,88.5
2012-05-28,491.76,0,88.33
2012-05-29,508.26,0,87.75
2012-05-30,498.23,0,87.67
2012-05-31,499,0.2,87.17
2012-06-01,508.95,2.8,87.25
2012-06-02,515.43,0,86.58
2012-06-03,504.5,0,88.08
2012-06-04,512.18,0,88.08
2012-06-05,513.15,0,86.92
2012-06-06,513.23,0,86.33
2012-06-07,513.85,0,85.75
2012-06-08,512.38,4.9,85.25
2012-06-09,507.93,6.5,84.75
2012-06-10,502.93,0,84.83
2012-06-11,506.18,0,84.08
2012-06-12,505.06,0,83.25
2012-06-13,506.55,0,82.25
2012-06-14,504.4,2.5,81.67
2012-06-15,505.36,0,81.58
2012-06-16,503.66,2.8,81.17
2012-06-17,499.58,0.3,79.75
2012-06-18,497.88,14.3,79.83
2012-06-19,504.8,0,78.92
2012-06-20,506.54,0.1,80.08
2012-06-21,509.54,0.6,79.67
2012-06-22,512.33,0,79.17
2012-06-23,503.03,0,78.83
2012-06-24,498.01,8.6,80
2012-06-25,503.35,9.5,78.83
2012-06-26,520.15,0,79.58
2012-06-27,517,0,82.92
2012-06-28,516.95,0,84.83
2012-06-29,512.06,0.4,86
2012-06-30,505.49,4.9,85.75
2012-07-01,506.45,1.5,84.83
2012-07-02,502.59,6.1,83.33
2012-07-03,508.38,0,83.33
2012-07-04,511.44,0,81.75
2012-07-05,509.14,2.7,81.08
2012-07-06,510.13,2.4,80.5
2012-07-07,506.06,23.6,81.58
2012-07-08,498.75,0.1,90.42
2012-07-09,496.61,0,93.58
2012-07-10,493.44,0,94.92
2012-07-11,501.63,3.9,94.75
2012-07-12,503.09,10.4,93.67
2012-07-13,500.41,1.4,93.58
2012-07-14,507.39,31.3,94.67
2012-07-15,507.98,0,94.17
2012-07-16,507.49,0,95.92
2012-07-17,516.73,5.3,97.58
2012-07-18,520.1,7.4,98.75
2012-07-19,527.49,42.3,100.33
2012-07-20,530.74,3.4,101.67
2012-07-21,531.55,0.5,106.83
2012-07-22,527.3,0,109.83
2012-07-23,509.44,0,111.67
2012-07-24,516.29,0,111.25
2012-07-25,520.45,0,110.58
2012-07-26,522.13,0,109.17
2012-07-27,519.98,0,108.67
2012-07-28,519.83,2.1,108.67
2012-07-29,516.2,28.5,106.92
2012-07-30,512.65,0.4,106.67
2012-07-31,506.85,15,107.17
2012-08-01,507.66,0,106.67
2012-08-02,509.19,0.1,106.25
2012-08-03,508.11,0.8,105.25
2012-08-04,506.04,0.5,104.5
2012-08-05,507.91,12,104
2012-08-06,509.3,16.3,103.33
2012-08-07,504.69,7.3,103.25
2012-08-08,515.88,0.1,105.25
2012-08-09,526.08,0.1,109
2012-08-10,527.9,0.9,110.67
2012-08-11,521,0,112.42
2012-08-12,514.35,0.5,112.75
2012-08-13,514.79,0,111.17
2012-08-14,518.05,0,109.5
2012-08-15,513.51,0,108.83
2012-08-16,507.81,0,108.33
2012-08-17,503.36,0,106.67
2012-08-18,497.84,0,104.42
2012-08-19,494.95,0,102.58
2012-08-20,515.18,0.1,100.92
2012-08-21,506.59,0,99
2012-08-22,506.5,13,99.08
2012-08-23,501.96,0,98.33
2012-08-24,511.99,4.1,98
2012-08-25,513.03,15.1,97.33
2012-08-26,512.63,3.4,97
2012-08-27,523.65,0.9,95.83
2012-08-28,519.88,0.1,99.58
2012-08-29,513.94,0,101.75
2012-08-30,513.51,7.3,102.08
2012-08-31,518.06,13.5,100.75
2012-09-01,518.08,0,105.25
2012-09-02,505.48,0,110.33
2012-09-03,512.3,0,111.67
2012-09-04,512.63,0.1,111.83
2012-09-05,514.36,0,110.5
2012-09-06,532.69,10.2,110.75
2012-09-07,527.18,4.2,112.33
2012-09-08,533.39,1.2,113.42
2012-09-09,536.06,0,115.25
2012-09-10,525.45,0,115.75
2012-09-11,524.26,23.9,114.5
2012-09-12,526.09,1.1,113.08
2012-09-13,528.05,0,113.25
2012-09-14,512.15,11.9,114.17
2012-09-15,531.29,1.8,113.92
2012-09-16,532.01,0,115.92
2012-09-17,523.11,0,117
2012-09-18,532.13,8,117
2012-09-19,533.53,7.6,116.17
2012-09-20,532.76,0,117
2012-09-21,531.33,0.3,116.75
2012-09-22,540.54,9.4,117.25
2012-09-23,553.11,9,117
2012-09-24,546.01,4.1,118.67
2012-09-25,539.84,0,120.17
2012-09-26,531.24,0,120.25
2012-09-27,524.79,8,119.33
2012-09-28,520.79,2.7,117.67
2012-09-29,521.29,8.8,117.42
2012-09-30,521.33,7.5,117.25
2012-10-01,520.33,0,117.75
2012-10-02,521.9,0,117.42
2012-10-03,521.28,0,116.5
2012-10-04,522.65,5.5,115
2012-10-05,528.91,9.5,115.17
2012-10-06,533.73,12,117.17
2012-10-07,532.49,6.8,120.75
2012-10-08,545.66,7,122
2012-10-09,551.96,5.8,125
2012-10-10,556.98,4,127.17
2012-10-11,552.94,0,129.92
2012-10-12,541.35,3.4,130.75
2012-10-13,544.55,3.4,130.33
2012-10-14,537.19,0,130.25
2012-10-15,535.33,1.5,129
2012-10-16,516.78,0,127.33
2012-10-17,521.08,0,126
2012-10-18,517.39,0,124.25
2012-10-19,516.08,0,122.58
2012-10-20,525.51,0,120.58
2012-10-21,521.7,0,119.25
2012-10-22,524.33,0,117.33
2012-10-23,518.58,0,115.67
2012-10-24,508.56,0,115.25
2012-10-25,525.66,7.4,114.42
2012-10-26,534.05,7.1,115.42
2012-10-27,527.71,2.5,119
2012-10-28,525.86,0.9,118.67
2012-10-29,503.36,0,116.67
2012-10-30,493.38,0.5,114.58
2012-10-31,508.41,0,113.17
2012-11-01,501.35,0,112.17
2012-11-02,503.37,0.1,110.83
2012-11-03,512.6,7.5,109.67
2012-11-04,517.05,6,109.42
2012-11-05,529.63,12.1,109.17
2012-11-06,533.73,7.8,109.75
2012-11-07,525.38,5.7,113.33
2012-11-08,528.98,6.7,117.08
2012-11-09,538.48,1.3,120.33
2012-11-10,517.78,1.1,122.5
2012-11-11,519.32,0,122.33
2012-11-12,513.77,4.4,119.92
2012-11-13,528.2,0,118.5
2012-11-14,508.3,0.09,118.25
2012-11-15,511.7,0.09,116.83
2012-11-16,523.9,0.09,115.42
2012-11-17,519.27,0.09,114.42
2012-11-18,512.13,0.7,113.33
2012-11-19,518.93,0.09,111.25
2012-11-20,506.3,0.09,110.25
2012-11-21,510.27,0.09,109.08
2012-11-22,507.97,0.5,107.5
2012-11-23,508.73,1.1,106.42
2012-11-24,512.9,1.2,105.5
2012-11-25,514.5,1.6,104.83
2012-11-26,511.82,2.4,103.33
2012-11-27,521.18,0.3,103.42
2012-11-28,517.55,2.8,102.58
2012-11-29,529.55,12.1,102.75
2012-11-30,536.38,5.7,103.5
2012-12-01,521,3.2,108.58
2012-12-02,517.9,0,110.33
2012-12-03,516.57,0,110.33
2012-12-04,505.27,2.6,110.33
2012-12-05,521.2,1.5,108.58
2012-12-06,514.72,0.1,107.92
2012-12-07,517.4,1.2,107.08
2012-12-08,520,1.8,106.08
2012-12-09,505.4,1.6,106.25
2012-12-10,512.3,3.4,105.17
2012-12-11,530.62,5.6,104
2012-12-12,513.12,3.9,105.75
2012-12-13,507.48,0.8,107.08
2012-12-14,496.2,0.09,105.92
2012-12-15,486.88,3.9,104.33
2012-12-16,490.4,0.4,102.08
2012-12-17,498.78,1.9,101.17
2012-12-18,501.7,0.09,100.42
2012-12-19,500.52,0.3,100.08
2012-12-20,495.05,0.09,100.42
2012-12-21,492.22,0,100.25
2012-12-22,487.35,0.09,99.83
2012-12-23,476.72,1.6,99.67
2012-12-24,471.48,0,99.08
2012-12-25,473.82,5.7,98.5
2012-12-26,482.47,0.6,98.08
2012-12-27,481.87,3.1,99.67
2012-12-28,496.42,0,100.67
2012-12-29,482.38,0.1,103.58
2012-12-30,485.93,0.2,104.5
2012-12-31,481.98,6.9,104.83
2013-01-01,487.02,1.4,105.08
2013-01-02,507.3,1.3,104.83
2013-01-03,510.48,3.4,105.58
2013-01-04,523.95,0.09,106.58
2013-01-05,533.15,0,108.58
2013-01-06,522.93,4.3,110.58
2013-01-07,515.88,0.09,111.5
2013-01-08,503.65,2.6,111.92
2013-01-09,511.87,10,110.92
2013-01-10,549.53,5.9,111.17
2013-01-11,556.9,1.5,114.25
2013-01-12,532.88,0,118.42
2013-01-13,514.15,0.09,121.17
2013-01-14,502.93,1.5,121.25
2013-01-15,506.17,0,120.08
2013-01-16,505.67,1.3,118.75
2013-01-17,512.3,0,117.25
2013-01-18,505.32,0.2,116.42
2013-01-19,498.8,0.2,116.17
2013-01-20,501.62,0,115.08
2013-01-21,499.9,0,113.83
2013-01-22,487.97,0.09,113.25
2013-01-23,487.17,0.09,112
2013-01-24,491.47,0.2,110.83
2013-01-25,483.03,0.09,109
2013-01-26,469.8,0.09,108
2013-01-27,464.75,1.4,107.25
2013-01-28,465.93,0,105.83
2013-01-29,478.95,3.8,104.25
2013-01-30,481.35,9.7,102.75
2013-01-31,480.42,1.7,102.83
2013-02-01,507.15,1.6,105
2013-02-02,510.55,3.4,107
2013-02-03,510.42,0,107.25
2013-02-04,505.23,2.5,107.83
2013-02-05,505.33,3.5,108.5
2013-02-06,520.37,1.1,108.92
2013-02-07,526.32,2.5,109.67
2013-02-08,533.52,2.1,110.5
2013-02-09,527.27,0.3,111.58
2013-02-10,520.68,0.09,112.75
2013-02-11,512.32,0.5,113.17
2013-02-12,515.82,0.3,112.75
2013-02-13,508.45,1.5,111.75
2013-02-14,500.38,0.09,110.92
2013-02-15,495.15,0.09,110
2013-02-16,491.92,0.09,108.75
2013-02-17,487.05,0,106.92
2013-02-18,492.08,10.6,105.75
2013-02-19,522.17,0.8,105.83
2013-02-20,520.12,0.5,107.92
2013-02-21,497.35,0,111.42
2013-02-22,488.88,0.09,111.5
2013-02-23,489.92,0,111.75
2013-02-24,492.95,0.09,111.42
2013-02-25,488.47,0.09,110
2013-02-26,481.18,0,109
2013-02-27,479.53,0.09,107.83
2013-02-28,474.28,0,107.5
2013-03-01,490.87,0.09,107.17
2013-03-02,487.08,0.2,108.25
2013-03-03,498.47,0.09,109
2013-03-04,486.45,0.09,110.33
2013-03-05,487.43,0.09,110.42
2013-03-06,486.53,0.09,109.17
2013-03-07,493.58,0.09,107.17
2013-03-08,486.4,0.09,107.17
2013-03-09,489.13,0.09,106.33
2013-03-10,485.08,0.2,106
2013-03-11,479.57,0,106.17
2013-03-12,471.85,0,105.33
2013-03-13,478.28,1.2,104.5
2013-03-14,480.88,0.5,103.5
2013-03-15,481.95,0,102.5
2013-03-16,475.5,0.09,101.17
2013-03-17,466.33,0.09,100.92
2013-03-18,466.3,0,99.83
2013-03-19,483.65,3.6,99.58
2013-03-20,487.23,1.7,98.58
2013-03-21,485.37,0.4,98.42
2013-03-22,477.77,0,98.08
2013-03-23,464.87,0.3,97.42
2013-03-24,465.67,0.5,97.08
2013-03-25,461.53,0.09,96.58
2013-03-26,462.07,0.09,95.5
2013-03-27,459.13,0.09,94.33
2013-03-28,459.15,0,93.92
2013-03-29,469.2,5.3,92.33
2013-03-30,477.57,0.5,91.42
2013-03-31,474.17,0.1,90.83
2013-04-01,482.65,0,90.08
2013-04-02,475.02,0.09,89.5
2013-04-03,476.9,0,89.83
2013-04-04,480.72,1.2,89.42
2013-04-05,486.25,0,88.67
2013-04-06,480.6,0.09,88.33
2013-04-07,474.03,2.3,87.92
2013-04-08,485.08,0.09,87.58
2013-04-09,480.28,0.09,87.42
2013-04-10,483.87,0.09,87.08
2013-04-11,480.02,2.2,86.83
2013-04-12,487.13,7.3,85.83
2013-04-13,478.73,0,85.25
2013-04-14,477.18,0.09,85.08
2013-04-15,466.4,0.5,84.83
2013-04-16,477.55,3.5,84.25
2013-04-17,474.12,0.09,84.25
2013-04-18,477.7,0,83.92
2013-04-19,469.35,0.09,83.75
2013-04-20,494,0.09,83.25
2013-04-21,490.12,0.09,84.42
2013-04-22,491.45,0.09,84.5
2013-04-23,479.48,0,84.25
2013-04-24,485.15,0,83.58
2013-04-25,494.02,0,83.5
2013-04-26,497.9,10.1,84.67
2013-04-27,503.87,0.09,84.5
2013-04-28,499.43,0.09,84.58
2013-04-29,492.05,0,84.58
2013-04-30,485.7,0.09,83.58
2013-05-01,501.93,0.09,83.58
2013-05-02,497.23,0.09,84.08
2013-05-03,503.35,0.09,83.58
2013-05-04,493.75,0.09,83.58
2013-05-05,493.42,0.09,82.58
2013-05-06,497.63,0.09,82.75
2013-05-07,495.65,0.09,82.75
2013-05-08,501.44,3.6,82.67
2013-05-09,496.2,9.9,83.33
2013-05-10,495.7,8.1,83.08
2013-05-11,492.45,0,82.17
2013-05-12,494.21,0.7,81.75
2013-05-13,491.95,0.09,81.42
2013-05-14,492.43,0,80.5
2013-05-15,494.72,0.09,80.42
2013-05-16,497.72,0.09,80.08
2013-05-17,500.55,0.09,80.42
2013-05-18,500.27,14.5,80.75
2013-05-19,495.25,0.09,80.5
2013-05-20,496.73,37.2,80.5
2013-05-21,490.5,0.09,80.92
2013-05-22,492.55,6.8,82.17
2013-05-23,497.35,0.09,83.17
2013-05-24,499.1,19.7,84
2013-05-25,510.8,6.5,85.67
2013-05-26,508.57,0.09,87.33
2013-05-27,505.05,0.5,90.25
2013-05-28,504.57,0,92
2013-05-29,503.05,0,92.83
2013-05-30,500,0,93
2013-05-31,503.83,2,92.5
2013-06-01,501.58,0.1,92.33
2013-06-02,503.05,9.9,91.92
2013-06-03,505.2,11.7,91.75
2013-06-04,512.87,0,91.75
2013-06-05,502.42,0.09,92.67
2013-06-06,498.68,0.09,93.33
2013-06-07,492.4,0.09,92.25
2013-06-08,490.67,0.09,90.58
2013-06-09,492.45,0.09,89.58
2013-06-10,497.73,0.09,88.67
2013-06-11,498.38,0.09,88.17
2013-06-12,496.07,0.09,86.83
2013-06-13,493.65,0,86.42
2013-06-14,491.33,1,85.5
2013-06-15,493.53,3.6,85.25
2013-06-16,492.58,0,84.17
2013-06-17,498.7,0.9,83.25
2013-06-18,500.58,0.09,83.58
2013-06-19,501.43,0,83
2013-06-20,498.52,0.09,81.83
2013-06-21,505.17,0.09,81.42
2013-06-22,491.2,0.09,80.92
2013-06-23,496.52,0.5,80.67
2013-06-24,495.03,0.09,79.58
2013-06-25,503.8,10.2,79.33
2013-06-26,512.88,2.4,80.5
2013-06-27,505.95,0.09,82.75
2013-06-28,500.95,0.09,83.75
2013-06-29,499.33,2.6,83.33
2013-06-30,509.6,35.4,81.67
2013-07-01,507.45,0.09,83.5
2013-07-02,504.27,8.1,86.5
2013-07-03,503.97,0.09,87.25
2013-07-04,507.97,8.9,87.33
2013-07-05,502.9,0.09,87.5
2013-07-06,510.55,0.09,87
2013-07-07,507.68,0.09,87.33
2013-07-08,512.87,0.09,85.75
2013-07-09,506.88,0.09,85.83
2013-07-10,511.48,0.2,86.33
2013-07-11,533.43,0.09,86.92
2013-07-12,517.95,0.09,88.25
2013-07-13,514.1,0.09,89.42
2013-07-14,514.13,0,89.75
2013-07-15,517.97,0.09,89.67
2013-07-16,515.25,0.09,89.25
2013-07-17,517.3,0.09,87.92
2013-07-18,515.87,0.09,87.25
2013-07-19,528.55,0,86.42
2013-07-20,526.05,0.09,87
2013-07-21,520.98,0.09,87.83
2013-07-22,521.18,0.09,87.33
2013-07-23,522.13,0.09,87
2013-07-24,514.05,0.09,88.33
2013-07-25,508.83,0.09,88.33
2013-07-26,503.43,0.09,86.67
2013-07-27,501.82,0.09,85.5
2013-07-28,503.4,0,83.08
2013-07-29,499.97,18.3,81.25
2013-07-30,507.68,8.8,80.67
2013-07-31,505.57,0,81.17
2013-08-01,504.85,0.09,78.92
2013-08-02,507.43,0.09,78.25
2013-08-03,506.48,6.6,77.67
2013-08-04,506.18,0.09,77
2013-08-05,503.4,0.09,77
2013-08-06,501.53,0.09,76.17
2013-08-07,500.77,2.2,75.33
2013-08-08,499.32,0.6,74.83
2013-08-09,505.23,0.6,73.67
2013-08-10,512.4,1.3,74.08
2013-08-11,513.07,2.7,74.17
2013-08-12,507.67,2.1,75.17
2013-08-13,517.97,20.5,76
2013-08-14,527.78,27.2,77.5
2013-08-15,526.22,0.2,83.83
2013-08-16,515.8,0.09,87.42
2013-08-17,510.87,0.09,87.5
2013-08-18,514.13,0.2,86.58
2013-08-19,514.12,25.6,85.08
2013-08-20,521.42,0.1,83.92
2013-08-21,517.15,1.1,83.42
2013-08-22,519.72,0.1,83
2013-08-23,521.33,0.09,82.5
2013-08-24,512.65,0.09,82.67
2013-08-25,508.07,0.09,81.5
2013-08-26,503.03,0.09,80.17
2013-08-27,499.72,0.09,78.17
2013-08-28,497.22,0.09,77.08
2013-08-29,499.87,0.09,75.83
2013-08-30,500.93,0.09,75.25
2013-08-31,506.17,2.2,74.17
2013-09-01,511.3,21.8,74.58
2013-09-02,522.78,12.1,77.08
2013-09-03,532.63,0.09,81.67
2013-09-04,519.78,0.09,85.92
2013-09-05,515.08,0.09,87
2013-09-06,509.7,0.09,86.58
2013-09-07,506.78,0.09,85
2013-09-08,504.78,0.09,82.67
2013-09-09,508.25,11.2,82
2013-09-10,503.65,1.8,80.92
2013-09-11,507,12.6,79.83
2013-09-12,506.88,30.2,79.17
2013-09-13,510.75,0,82.5
2013-09-14,506.63,0.09,90.92
2013-09-15,501.18,7.6,93.58
2013-09-16,492.63,0.2,94.42
2013-09-17,506.43,2.1,93.42
2013-09-18,505.12,2.3,93.08
2013-09-19,513.52,0.9,92.33
2013-09-20,512.8,0.09,92.25
2013-09-21,512.65,0.09,91.83
2013-09-22,512.53,9.7,92.42
2013-09-23,536.58,0.09,92.42
2013-09-24,536.95,0.7,94.08
2013-09-25,526.57,2.3,95.67
2013-09-26,523.07,2.4,96.92
2013-09-27,519.23,1,97.33
2013-09-28,522.25,1,97.75
2013-09-29,512.7,0.09,97.75
2013-09-30,506.73,2.6,96.58
2013-10-01,506.83,4.8,94.92
2013-10-02,495.47,0.09,92.58
2013-10-03,485.78,0.09,90.75
2013-10-04,471.05,0.09,88.75
2013-10-05,462.23,3.2,86.75
2013-10-06,484.37,0.09,84.58
2013-10-07,483.22,0.09,82.5
2013-10-08,488.87,0.09,80.83
2013-10-09,485.8,0,79.75
2013-10-10,501.13,0.09,78.58
2013-10-11,508.18,0.09,77.83
2013-10-12,496.7,0.09,77.58
2013-10-13,498.85,10.7,77.42
2013-10-14,494.5,0.09,76.25
2013-10-15,488.67,0.09,76
2013-10-16,499.47,0.1,75.25
2013-10-17,488.25,4.8,73.75
2013-10-18,519.62,5.7,73.5
2013-10-19,490.88,1.3,75.42
2013-10-20,501.9,8.2,77.42
2013-10-21,503.23,17,77.42
2013-10-22,485.18,0.09,77.75
2013-10-23,472.43,0,77.67
2013-10-24,483.83,0.09,76
2013-10-25,488,0,74.42
2013-10-26,492.2,0.1,73.58
2013-10-27,495.72,10.2,72.92
2013-10-28,488.57,0.4,73.08
2013-10-29,478.07,1.6,74.17
2013-10-30,507.55,4.6,74.83
2013-10-31,506.75,0.09,76.33
2013-11-01,505.68,0.1,78.33
2013-11-02,518.55,14.2,79.25
2013-11-03,527.22,3.9,80.5
2013-11-04,507.77,2,81.92
2013-11-05,521.72,0.2,84.17
2013-11-06,534.33,2.7,85.67
2013-11-07,533.63,0.8,87.33
2013-11-08,525.13,1.3,87.42
2013-11-09,529.97,2.9,87.75
2013-11-10,517.3,1.2,88.17
2013-11-11,548.12,0,89.83
2013-11-12,510.48,1.3,90.58
2013-11-13,529.6,0.3,90.42
2013-11-14,533.38,1,91.17
2013-11-15,524.5,0.09,91.92
2013-11-16,517.5,0.4,90.5
2013-11-17,531.05,0.09,91.83
2013-11-18,528.98,0,91.5
2013-11-19,521.93,0.09,91.08
2013-11-20,540.6,10.1,89.5
2013-11-21,541.1,0.09,90.25
2013-11-22,539.03,0.09,91.08
2013-11-23,529.23,0.1,91.17
2013-11-24,536.63,1.7,91.08
2013-11-25,540.23,1.1,92.67
2013-11-26,534.4,0,94.42
2013-11-27,506.7,0.4,95.17
2013-11-28,527.45,0.09,95.17
2013-11-29,542.27,2.7,96.42
2013-11-30,531.67,1.4,98.25
2013-12-01,519.82,0.6,97.42
2013-12-02,549.4,0.09,99.08
2013-12-03,508.32,0,100.5
2013-12-04,525,1.9,99.17
2013-12-05,520.2,5.3,98.5
2013-12-06,548.18,5.6,101.58
2013-12-07,591.4,0.09,107.83
2013-12-08,559.18,7.2,113.08
2013-12-09,555.27,0.09,113.25
2013-12-10,532.77,0.3,110.75
2013-12-11,533.43,0,107.33
2013-12-12,527.8,0.6,103.42
2013-12-13,535.45,2.3,101.75
2013-12-14,541.92,2.5,100.67
2013-12-15,528.07,0.6,99.42
2013-12-16,520.52,0.09,97.83
2013-12-17,524.67,0.09,96.33
2013-12-18,532.5,0.09,95.25
2013-12-19,525.93,0,94.75
2013-12-20,524.65,2.5,93.25
2013-12-21,517.6,0,92.08
2013-12-22,510.95,3.7,91.83
2013-12-23,520.77,1,91.25
2013-12-24,519.2,0.09,91.17
2013-12-25,523.48,1.5,90.17
2013-12-26,539.53,0,89.92
2013-12-27,531.5,0,90.08
2013-12-28,520.95,1.2,89.33
2013-12-29,527.98,9.6,88.42
2013-12-30,523.57,0.2,88.08
2013-12-31,516.8,0.09,87.83
2014-01-01,521.55,0.09,86.75
2014-01-02,523.87,0,85.5
2014-01-03,518.17,0.4,84.67
2014-01-04,513.25,0,83.5
2014-01-05,527.78,1.3,83.08
2014-01-06,515.22,5.5,82.42
2014-01-07,508.67,0.1,82.17
2014-01-08,513.75,4.1,81.33
2014-01-09,519.83,2.3,81.67
2014-01-10,539.72,1,84.67
2014-01-11,540.52,4.3,91.92
2014-01-12,559.15,0.7,96.58
2014-01-13,551.6,0.09,100.75
2014-01-14,537.93,0.09,102.58
2014-01-15,535.73,0.09,101.75
2014-01-16,526.33,0.2,99.92
2014-01-17,528.13,2.5,98.08
2014-01-18,519.02,0.09,96.92
2014-01-19,511.58,0.09,94.92
2014-01-20,508.55,0.09,93.33
2014-01-21,502.72,0.09,92.25
2014-01-22,501.08,0.09,90.83
2014-01-23,490.18,0,89.83
2014-01-24,477.78,0,88.33
2014-01-25,469.97,0,86.75
2014-01-26,463.28,0.5,85
2014-01-27,460.27,0,83.5
2014-01-28,463.65,0.4,82.08
2014-01-29,464.65,0.1,80.92
2014-01-30,453.13,0,79.5
2014-01-31,449.27,0.9,78
2014-02-01,449.48,0.09,76.58
2014-02-02,456.6,0,75.75
2014-02-03,462.18,0.2,74.58
2014-02-04,466.28,0.09,73.5
2014-02-05,465.88,0.09,73
2014-02-06,469.73,0,72.33
2014-02-07,463.25,0.3,71.08
2014-02-08,460,0,71.08
2014-02-09,470.68,0.09,70.67
2014-02-10,473.77,0.09,70.42
2014-02-11,482,4.6,69.58
2014-02-12,481.12,0,68.92
2014-02-13,480.13,0,68.75
2014-02-14,487.2,0,68.42
2014-02-15,475.03,0.1,67.5
2014-02-16,469.9,0.1,67.25
2014-02-17,473.63,0.09,67.25
2014-02-18,487.55,0.09,67.33
2014-02-19,495.77,0.2,67.67
2014-02-20,497.23,0.2,68.17
2014-02-21,490.98,0.2,68.33
2014-02-22,489.17,0.09,67.83
2014-02-23,485.8,0.09,67.17
2014-02-24,478.7,0.09,66.17
2014-02-25,487.43,0.09,66
2014-02-26,494.43,0.09,65.5
2014-02-27,497.27,0.09,66
2014-02-28,496.65,0.1,66.83
2014-03-01,498.32,0,66.83
2014-03-02,493.95,0.09,66.67
2014-03-03,486.92,0.09,66
2014-03-04,492.35,0,65.83
2014-03-05,490.25,0,65
2014-03-06,480.68,0.09,64.33
2014-03-07,468.62,0,63.25
2014-03-08,466.9,0.09,62.67
2014-03-09,472.88,0.09,61.83
2014-03-10,478.78,0.09,61.58
2014-03-11,495.42,0.09,61.5
2014-03-12,483.78,0.09,61.42
2014-03-13,485.9,0.09,60.92
2014-03-14,487.78,3.9,61.17
2014-03-15,502.75,1.8,62.08
2014-03-16,518.65,2.2,67.5
2014-03-17,515.18,0.6,71
2014-03-18,516.22,1.7,72.5
2014-03-19,518.62,0.3,73.17
2014-03-20,514,0,73.5
2014-03-21,504.43,0.1,73.25
2014-03-22,518.85,1.8,71.5
2014-03-23,518.97,0.09,71.08
2014-03-24,523.28,0.4,70
2014-03-25,542.32,10.3,70.5
2014-03-26,537.38,0,75.17
2014-03-27,522.98,0,76.33
2014-03-28,519.68,0.09,77.17
2014-03-29,510.65,0.09,76.75
2014-03-30,505.82,0.09,75.5
2014-03-31,507.05,0,73.58
2014-04-01,499.08,0.09,71.58
2014-04-02,494.6,6.5,69.58
2014-04-03,495.95,0.09,68
2014-04-04,491.2,0.09,66.67
2014-04-05,483.4,0.09,65.42
2014-04-06,480.3,0.8,64.33
2014-04-07,488.47,0.8,62.67
2014-04-08,495.8,0.1,61.75
2014-04-09,508.98,11.2,60.92
2014-04-10,509.95,0.09,64.83
2014-04-11,490.88,0,66.58
2014-04-12,494.82,0.3,65.33
2014-04-13,491.02,0.5,63.75
2014-04-14,506.22,1.1,63.25
2014-04-15,523.52,0,64.75
2014-04-16,512.87,0.09,66.5
2014-04-17,496.77,0.09,67.75
2014-04-18,505.58,0.09,66.92
2014-04-19,514.52,0.09,66.75
2014-04-20,511.95,0,66.92
2014-04-21,512.07,0,66.42
2014-04-22,508.1,0.09,66.58
2014-04-23,512.97,0.09,66.42
2014-04-24,505.25,0.09,68.33
2014-04-25,497.05,0.09,69.17
2014-04-26,495.63,0.09,67.83
2014-04-27,494.15,0.09,65.42
2014-04-28,490.12,0.09,63.58
2014-04-29,486.97,0.09,61.75
2014-04-30,492.38,0.09,60.75
2014-05-01,496.55,0.09,60.67
2014-05-02,489.27,0.09,61
2014-05-03,485.62,0.09,60.75
2014-05-04,496.15,0.09,59.92
2014-05-05,497.27,0.09,59.58
2014-05-06,492.42,0.6,59.08
2014-05-07,496.42,5,58.58
2014-05-08,492.97,9.9,58.5
2014-05-09,495.65,4.2,58
2014-05-10,497.33,4.8,57.25
2014-05-11,498.82,11.7,57.25
2014-05-12,500.38,0.4,57.92
2014-05-13,505.82,0,58.75
2014-05-14,511.18,0.1,60.83
2014-05-15,510.26,0.09,62.67
2014-05-16,497.55,0.09,62.08
2014-05-17,503.17,7.2,61
2014-05-18,504.95,0.09,60.42
2014-05-19,501.53,0,61.33
2014-05-20,498.03,0.09,60.67
2014-05-21,494.73,0.09,59.42
2014-05-22,493.18,0.09,58.08
2014-05-23,493.87,0.09,57.25
2014-05-24,491.38,0.7,57.75
2014-05-25,489.95,0.09,57.5
2014-05-26,491.67,0.09,57.33
2014-05-27,502.38,0.09,57.33
2014-05-28,499.1,0,61.08
2014-05-29,492.62,0,64.17
2014-05-30,485.35,0,64.5
2014-05-31,487.85,0.09,62.92
2014-06-01,491.32,0.09,60.83
2014-06-02,496.18,0.9,59
2014-06-03,495.9,0.5,59
2014-06-04,492.57,0,59.25
2014-06-05,495.25,2.5,57.92
2014-06-06,485.55,0.09,56.42
2014-06-07,483.4,0.09,55.33
2014-06-08,482.23,0.4,54.5
2014-06-09,484.28,0.09,54.17
2014-06-10,488.83,0.09,53.83
2014-06-11,488.97,1.3,53.33
2014-06-12,488.42,0.09,53.17
2014-06-13,499.68,0.1,54.08
2014-06-14,519.95,0,56.08
2014-06-15,499.85,0.09,60.42
2014-06-16,498.67,0.1,62.17
2014-06-17,502.52,0.09,61
2014-06-18,497.18,0.09,60
2014-06-19,502.73,1.5,58.58
2014-06-20,516.32,0,59.58
2014-06-21,516.45,0.2,60.92
2014-06-22,514.75,1.3,62.17
2014-06-23,521.63,11.3,62.67
2014-06-24,522.05,0.09,63.67
2014-06-25,517.95,0.09,64.75
2014-06-26,513.18,0.09,64.67
2014-06-27,508.67,0.09,63.58
2014-06-28,508.33,3.2,61.67
2014-06-29,509.95,4.8,59.5
2014-06-30,511.03,0.09,57.83
2014-07-01,513.33,0.6,57.83
2014-07-02,510.23,0.7,57.58
2014-07-03,506.17,0,57.92
2014-07-04,508.98,0.09,57.92
2014-07-05,513.75,0.09,57
2014-07-06,516.25,0.09,56.58
2014-07-07,513.55,0,56.33
2014-07-08,516.58,4.3,56.33
2014-07-09,514.57,0.09,57.17
2014-07-10,512.32,0.09,57.42
2014-07-11,508.63,0.8,58.33
2014-07-12,508.18,17,59.75
2014-07-13,503.33,6.1,61
2014-07-14,499.88,4.4,60.42
2014-07-15,493.62,0.09,58.58
2014-07-16,496.37,0.09,57
2014-07-17,500.13,0.09,55.75
2014-07-18,499.37,0.09,55.58
2014-07-19,499.27,0.09,54.92
2014-07-20,498.05,0.09,53.92
2014-07-21,498.62,0.09,53.58
2014-07-22,498.15,0.09,53.83
2014-07-23,495.93,0.09,53.83
2014-07-24,492.15,0.09,53.25
2014-07-25,491.2,0,52.75
2014-07-26,489.18,0,52.25
2014-07-27,488.85,7.5,51.25
2014-07-28,487.55,0.09,50.67
2014-07-29,490.92,0.09,50.17
2014-07-30,496.47,0,49.92
2014-07-31,493.92,0.09,49.75
2014-08-01,492.87,0,49.75
2014-08-02,495.17,0,49.08
2014-08-03,497.05,0,48.92
2014-08-04,494.6,9.4,48.5
2014-08-05,500.92,7.2,48.67
2014-08-06,499.52,0.09,52.83
2014-08-07,497,0.09,55.25
2014-08-08,497.27,0.1,55.33
2014-08-09,500.85,2.7,54
2014-08-10,494.22,0.09,53.08
2014-08-11,494.27,0.09,53
2014-08-12,492.27,8.2,52.5
2014-08-13,489.68,18.7,51.58
2014-08-14,500.62,1.2,51.5
2014-08-15,501.75,5.2,52.42
2014-08-16,509.43,1.6,52.92
2014-08-17,508.93,1.7,54.92
2014-08-18,501.98,1.2,56.92
2014-08-19,501.33,0.6,58
2014-08-20,508.57,0.9,59.25
2014-08-21,516,0.8,60.75
2014-08-22,517.23,0.09,61.92
2014-08-23,520.95,0,61.42
2014-08-24,523.97,2.2,61.58
2014-08-25,530.1,4,62.17
2014-08-26,531.27,0,63.42
2014-08-27,538.05,0.09,64.42
2014-08-28,531.5,0.09,66.08
2014-08-29,526.35,0.2,67.33
2014-08-30,528.33,3.1,66.92
2014-08-31,525.35,3.2,67.25
2014-09-01,517.53,0.09,67.33
2014-09-02,509.8,0.09,65.92
2014-09-03,504,0.09,65.08
2014-09-04,500.9,0.09,63.08
2014-09-05,500.97,0.09,61.25
2014-09-06,501.77,0.09,59.33
2014-09-07,502.52,0.09,57.67
2014-09-08,501.23,3.4,56.58
2014-09-09,499,7.2,55.75
2014-09-10,512.4,0.6,55.83
2014-09-11,512.35,0.1,56.75
2014-09-12,508.08,2.4,56.75
2014-09-13,511.27,0.09,56.83
2014-09-14,507.47,0.09,57.83
2014-09-15,500.53,0.09,58
2014-09-16,494.67,0.09,56.67
2014-09-17,490.43,0.09,54.83
2014-09-18,488.53,0.09,54
2014-09-19,488.85,0.09,53
2014-09-20,489.45,0,51.75
2014-09-21,491.1,0.7,50.83
2014-09-22,514.68,4.4,50.08
2014-09-23,530.53,0.8,54.42
2014-09-24,489.47,0.09,61.25
2014-09-25,498.57,11.5,63.5
2014-09-26,498.73,0.7,63.5
2014-09-27,495.9,0.09,62.67
2014-09-28,500.7,0.09,62.33
2014-09-29,505.57,0,61.75
2014-09-30,516.67,0.2,61
2014-10-01,511.55,0.09,60.58
2014-10-02,502.8,0.09,59.75
2014-10-03,506.05,0.09,58.58
2014-10-04,501.92,0.09,57.25
2014-10-05,501.07,0.09,56.58
2014-10-06,500.88,0.09,55.25
2014-10-07,492.75,0.1,54.25
2014-10-08,475.55,0.3,53.5
2014-10-09,489.27,3.8,52.67
2014-10-10,488.38,0.4,51.08
2014-10-11,491.92,20.4,50.08
2014-10-12,499.23,0,49.75
2014-10-13,499.82,0.9,51.25
2014-10-14,511.23,0.1,52.17
2014-10-15,508.95,1.7,54.17
2014-10-16,503.72,0.09,56.5
2014-10-17,498.53,0.09,57.5
2014-10-18,488.65,0.09,57.5
2014-10-19,474.38,9.9,56.75
2014-10-20,496.27,2.6,55.83
2014-10-21,510.37,2.2,57
2014-10-22,513.33,0.5,59.08
2014-10-23,504.48,0,59.92
2014-10-24,478,0.09,60.08
2014-10-25,469.4,0,58.92
2014-10-26,485.42,0,56.5
2014-10-27,478.08,0.09,54.92
2014-10-28,489,0.09,54.08
2014-10-29,488.4,1,54.08
2014-10-30,516.6,0.09,53.33
2014-10-31,511.57,0.1,54.75
